time,Bx_target,By_target,Bz_target,Bx_meas,By_meas,Bz_meas,PWM_base_x,PWM_base_y,PWM_base_z,PWM_x,PWM_y,PWM_z,err_x,err_y,err_z
1775649428.019226,0.0,0.0,0.0,0.0,0.0,0.0,0.0,0.0,0.0,0.0,0.0,0.0,0.0,0.0,0.0
1775649428.0692177,0.0,0.0,0.0,0.0,0.0,0.0,0.0,0.0,0.0,0.0,0.0,0.0,0.0,0.0,0.0
1775649428.119223,0.0,0.0,0.0,0.0,0.0,0.0,0.0,0.0,0.0,0.0,0.0,0.0,0.0,0.0,0.0
1775649428.169227,0.0,0.0,0.0,0.0,0.0,0.0,0.0,0.0,0.0,0.0,0.0,0.0,0.0,0.0,0.0
1775649428.2192168,0.0,0.0,0.0,0.0,0.0,0.0,0.0,0.0,0.0,0.0,0.0,0.0,0.0,0.0,0.0
1775649428.2692823,0.0,0.0,0.0,0.0,0.0,0.0,0.0,0.0,0.0,0.0,0.0,0.0,0.0,0.0,0.0
1775649428.3193161,0.0,0.0,0.0,0.0,0.0,0.0,0.0,0.0,0.0,0.0,0.0,0.0,0.0,0.0,0.0
1775649428.3692985,0.0,0.0,0.0,0.0,0.0,0.0,0.0,0.0,0.0,0.0,0.0,0.0,0.0,0.0,0.0
1775649428.4192493,0.0,0.0,0.0,0.0,0.0,0.0,0.0,0.0,0.0,0.0,0.0,0.0,0.0,0.0,0.0
1775649428.4692094,0.0,0.0,0.0,0.0,0.0,0.0,0.0,0.0,0.0,0.0,0.0,0.0,0.0,0.0,0.0
1775649428.519244,0.0,0.0,0.0,0.0,0.0,0.0,0.0,0.0,0.0,0.0,0.0,0.0,0.0,0.0,0.0
1775649428.5692127,0.0,0.0,0.0,0.0,0.0,0.0,0.0,0.0,0.0,0.0,0.0,0.0,0.0,0.0,0.0
1775649428.6192102,0.0,0.0,0.0,0.0,0.0,0.0,0.0,0.0,0.0,0.0,0.0,0.0,0.0,0.0,0.0
1775649428.669228,0.0,0.0,0.0,0.0,0.0,0.0,0.0,0.0,0.0,0.0,0.0,0.0,0.0,0.0,0.0
1775649428.7192051,0.0,0.0,0.0,0.0,0.0,0.0,0.0,0.0,0.0,0.0,0.0,0.0,0.0,0.0,0.0
1775649428.7692277,0.0,0.0,0.0,0.0,0.0,0.0,0.0,0.0,0.0,0.0,0.0,0.0,0.0,0.0,0.0
1775649428.8191826,0.0,0.0,0.0,0.0,0.0,0.0,0.0,0.0,0.0,0.0,0.0,0.0,0.0,0.0,0.0
1775649428.869207,0.0,0.0,0.0,0.0,0.0,0.0,0.0,0.0,0.0,0.0,0.0,0.0,0.0,0.0,0.0
1775649428.9191897,0.0,0.0,0.0,0.0,0.0,0.0,0.0,0.0,0.0,0.0,0.0,0.0,0.0,0.0,0.0
1775649428.9692018,0.0,0.0,0.0,0.0,0.0,0.0,0.0,0.0,0.0,0.0,0.0,0.0,0.0,0.0,0.0
1775649429.0191963,0.0,0.0,0.0,0.0,0.0,0.0,0.0,0.0,0.0,0.0,0.0,0.0,0.0,0.0,0.0
1775649429.0692194,0.0,0.0,0.0,0.0,0.0,0.0,0.0,0.0,0.0,0.0,0.0,0.0,0.0,0.0,0.0
1775649429.1192226,0.0,0.0,0.0,0.0,0.0,0.0,0.0,0.0,0.0,0.0,0.0,0.0,0.0,0.0,0.0
1775649429.169225,0.0,0.0,0.0,0.0,0.0,0.0,0.0,0.0,0.0,0.0,0.0,0.0,0.0,0.0,0.0
1775649429.219207,0.0,0.0,0.0,0.0,0.0,0.0,0.0,0.0,0.0,0.0,0.0,0.0,0.0,0.0,0.0
1775649429.2691991,0.0,0.0,0.0,0.0,0.0,0.0,0.0,0.0,0.0,0.0,0.0,0.0,0.0,0.0,0.0
1775649429.3191826,0.0,0.0,0.0,0.0,0.0,0.0,0.0,0.0,0.0,0.0,0.0,0.0,0.0,0.0,0.0
1775649429.369177,0.0,0.0,0.0,0.0,0.0,0.0,0.0,0.0,0.0,0.0,0.0,0.0,0.0,0.0,0.0
1775649429.419164,0.0,0.0,0.0,0.0,0.0,0.0,0.0,0.0,0.0,0.0,0.0,0.0,0.0,0.0,0.0
1775649429.469205,0.0,0.0,0.0,0.0,0.0,0.0,0.0,0.0,0.0,0.0,0.0,0.0,0.0,0.0,0.0
1775649429.5191557,0.0,0.0,0.0,0.0,0.0,0.0,0.0,0.0,0.0,0.0,0.0,0.0,0.0,0.0,0.0
1775649429.5691953,0.0,0.0,0.0,0.0,0.0,0.0,0.0,0.0,0.0,0.0,0.0,0.0,0.0,0.0,0.0
1775649429.6191554,0.0,0.0,0.0,0.0,0.0,0.0,0.0,0.0,0.0,0.0,0.0,0.0,0.0,0.0,0.0
1775649429.6692379,0.0,0.0,0.0,0.0,0.0,0.0,0.0,0.0,0.0,0.0,0.0,0.0,0.0,0.0,0.0
1775649429.7192938,0.0,0.0,0.0,0.0,0.0,0.0,0.0,0.0,0.0,0.0,0.0,0.0,0.0,0.0,0.0
1775649429.769197,0.0,0.0,0.0,0.0,0.0,0.0,0.0,0.0,0.0,0.0,0.0,0.0,0.0,0.0,0.0
1775649429.8192213,0.0,0.0,0.0,-126.0,73.95,-41.624,0.0,0.0,0.0,0.0,0.0,0.0,126.0,-73.95,41.624
1775649429.8692207,0.0,0.0,0.0,-126.0,73.95,-41.624,0.0,0.0,0.0,0.0,0.0,0.0,126.0,-73.95,41.624
1775649429.9191902,0.0,0.0,0.0,-126.0,73.95,-41.624,0.0,0.0,0.0,0.0,0.0,0.0,126.0,-73.95,41.624
1775649429.9691818,0.0,0.0,0.0,-126.0,73.95,-41.624,0.0,0.0,0.0,0.0,0.0,0.0,126.0,-73.95,41.624
1775649430.0192144,0.0,0.0,0.0,-126.15,74.1,-41.866,0.0,0.0,0.0,0.0,0.0,0.0,126.15,-74.1,41.866
1775649430.0692074,0.0,0.0,0.0,-126.15,74.1,-41.866,0.0,0.0,0.0,0.0,0.0,0.0,126.15,-74.1,41.866
1775649430.1191964,0.0,0.0,0.0,-126.15,74.1,-41.866,0.0,0.0,0.0,0.0,0.0,0.0,126.15,-74.1,41.866
1775649430.1692154,0.0,0.0,0.0,-126.15,74.1,-41.866,0.0,0.0,0.0,0.0,0.0,0.0,126.15,-74.1,41.866
1775649430.2191348,0.0,0.0,0.0,-126.45,73.95,-41.382,0.0,0.0,0.0,0.0,0.0,0.0,126.45,-73.95,41.382
1775649430.269216,0.0,0.0,0.0,-126.45,73.95,-41.382,0.0,0.0,0.0,0.0,0.0,0.0,126.45,-73.95,41.382
1775649430.3192096,0.0,0.0,0.0,-126.45,73.95,-41.382,0.0,0.0,0.0,0.0,0.0,0.0,126.45,-73.95,41.382
1775649430.3691888,0.0,0.0,0.0,-126.45,73.95,-41.382,0.0,0.0,0.0,0.0,0.0,0.0,126.45,-73.95,41.382
1775649430.419148,0.0,0.0,0.0,-126.15,73.65,-41.382,0.0,0.0,0.0,0.0,0.0,0.0,126.15,-73.65,41.382
1775649430.4692068,0.0,0.0,0.0,-126.15,73.65,-41.382,0.0,0.0,0.0,0.0,0.0,0.0,126.15,-73.65,41.382
1775649430.51916,0.0,0.0,0.0,-126.15,73.65,-41.382,0.0,0.0,0.0,0.0,0.0,0.0,126.15,-73.65,41.382
1775649430.5691974,0.0,0.0,0.0,-126.15,73.65,-41.382,0.0,0.0,0.0,0.0,0.0,0.0,126.15,-73.65,41.382
1775649430.6191607,0.0,0.0,0.0,-126.15,73.95,-41.624,0.0,0.0,0.0,0.0,0.0,0.0,126.15,-73.95,41.624
1775649430.6692028,0.0,0.0,0.0,-126.15,73.95,-41.624,0.0,0.0,0.0,0.0,0.0,0.0,126.15,-73.95,41.624
1775649430.719206,0.0,0.0,0.0,-126.15,73.95,-41.624,0.0,0.0,0.0,0.0,0.0,0.0,126.15,-73.95,41.624
1775649430.769208,0.0,0.0,0.0,-126.15,73.95,-41.624,0.0,0.0,0.0,0.0,0.0,0.0,126.15,-73.95,41.624
1775649430.8191733,0.0,0.0,0.0,-126.15,73.95,-41.624,0.0,0.0,0.0,0.0,0.0,0.0,126.15,-73.95,41.624
1775649430.8691995,0.0,0.0,0.0,-126.15,73.95,-41.382,0.0,0.0,0.0,0.0,0.0,0.0,126.15,-73.95,41.382
1775649430.9192114,0.0,0.0,0.0,-126.15,73.95,-41.382,0.0,0.0,0.0,0.0,0.0,0.0,126.15,-73.95,41.382
1775649430.9692194,0.0,0.0,0.0,-126.15,73.95,-41.382,0.0,0.0,0.0,0.0,0.0,0.0,126.15,-73.95,41.382
1775649431.0194266,0.0,0.0,0.0,-126.15,73.95,-41.382,0.0,0.0,0.0,0.0,0.0,0.0,126.15,-73.95,41.382
1775649431.069183,0.0,0.0,0.0,-126.6,73.95,-41.14,0.0,0.0,0.0,0.0,0.0,0.0,126.6,-73.95,41.14
1775649431.1192114,0.0,0.0,0.0,-126.6,73.95,-41.14,0.0,0.0,0.0,0.0,0.0,0.0,126.6,-73.95,41.14
1775649431.169213,0.0,0.0,0.0,-126.6,73.95,-41.14,0.0,0.0,0.0,0.0,0.0,0.0,126.6,-73.95,41.14
1775649431.219225,0.0,0.0,0.0,-126.6,73.95,-41.14,0.0,0.0,0.0,0.0,0.0,0.0,126.6,-73.95,41.14
1775649431.2691383,0.0,0.0,0.0,-126.3,74.1,-41.866,0.0,0.0,0.0,0.0,0.0,0.0,126.3,-74.1,41.866
1775649431.3192487,0.0,0.0,0.0,-126.3,74.1,-41.866,0.0,0.0,0.0,0.0,0.0,0.0,126.3,-74.1,41.866
1775649431.369221,0.0,0.0,0.0,-126.3,74.1,-41.866,0.0,0.0,0.0,0.0,0.0,0.0,126.3,-74.1,41.866
1775649431.4192302,0.0,0.0,0.0,-126.3,74.1,-41.866,0.0,0.0,0.0,0.0,0.0,0.0,126.3,-74.1,41.866
1775649431.4691265,0.0,0.0,0.0,-126.0,74.25,-41.624,0.0,0.0,0.0,0.0,0.0,0.0,126.0,-74.25,41.624
1775649431.5192072,0.0,0.0,0.0,-126.0,74.25,-41.624,0.0,0.0,0.0,0.0,0.0,0.0,126.0,-74.25,41.624
1775649431.569198,0.0,0.0,0.0,-126.0,74.25,-41.624,0.0,0.0,0.0,0.0,0.0,0.0,126.0,-74.25,41.624
1775649431.6192002,0.0,0.0,0.0,-126.0,74.25,-41.624,0.0,0.0,0.0,0.0,0.0,0.0,126.0,-74.25,41.624
1775649431.6692026,0.0,0.0,0.0,-126.0,74.25,-41.624,0.0,0.0,0.0,0.0,0.0,0.0,126.0,-74.25,41.624
1775649431.7192123,0.0,0.0,0.0,-126.3,73.8,-41.382,0.0,0.0,0.0,0.0,0.0,0.0,126.3,-73.8,41.382
1775649431.7692194,0.0,0.0,0.0,-126.3,73.8,-41.382,0.0,0.0,0.0,0.0,0.0,0.0,126.3,-73.8,41.382
1775649431.8192291,0.0,0.0,0.0,-126.3,73.8,-41.382,0.0,0.0,0.0,0.0,0.0,0.0,126.3,-73.8,41.382
1775649431.869198,0.0,0.0,0.0,-126.3,73.8,-41.382,0.0,0.0,0.0,0.0,0.0,0.0,126.3,-73.8,41.382
1775649431.9192035,0.0,0.0,0.0,-126.15,74.25,-40.656,0.0,0.0,0.0,0.0,0.0,0.0,126.15,-74.25,40.656
1775649431.9691987,0.0,0.0,0.0,-126.15,74.25,-40.656,0.0,0.0,0.0,0.0,0.0,0.0,126.15,-74.25,40.656
1775649432.0192099,0.0,0.0,0.0,-126.15,74.25,-40.656,0.0,0.0,0.0,0.0,0.0,0.0,126.15,-74.25,40.656
1775649432.0691907,0.0,0.0,0.0,-126.15,74.25,-40.656,0.0,0.0,0.0,0.0,0.0,0.0,126.15,-74.25,40.656
1775649432.1192298,0.0,0.0,0.0,-126.45,74.4,-41.866,0.0,0.0,0.0,0.0,0.0,0.0,126.45,-74.4,41.866
1775649432.1692178,0.0,0.0,0.0,-126.45,74.4,-41.866,0.0,0.0,0.0,0.0,0.0,0.0,126.45,-74.4,41.866
1775649432.2192142,0.0,0.0,0.0,-126.45,74.4,-41.866,0.0,0.0,0.0,0.0,0.0,0.0,126.45,-74.4,41.866
1775649432.2691977,0.0,0.0,0.0,-126.45,74.4,-41.866,0.0,0.0,0.0,0.0,0.0,0.0,126.45,-74.4,41.866
1775649432.3191054,0.0,0.0,0.0,-126.3,74.1,-41.624,0.0,0.0,0.0,0.0,0.0,0.0,126.3,-74.1,41.624
1775649432.3692672,0.0,0.0,0.0,-126.3,74.1,-41.624,0.0,0.0,0.0,0.0,0.0,0.0,126.3,-74.1,41.624
1775649432.4192228,0.0,0.0,0.0,-126.3,74.1,-41.624,0.0,0.0,0.0,0.0,0.0,0.0,126.3,-74.1,41.624
1775649432.4691908,0.0,0.0,0.0,-126.3,74.1,-41.624,0.0,0.0,0.0,0.0,0.0,0.0,126.3,-74.1,41.624
1775649432.5192103,0.0,0.0,0.0,-126.3,74.1,-41.624,0.0,0.0,0.0,0.0,0.0,0.0,126.3,-74.1,41.624
1775649432.5692196,0.0,0.0,0.0,-125.85,74.1,-40.898,0.0,0.0,0.0,0.0,0.0,0.0,125.85,-74.1,40.898
1775649432.6192207,0.0,0.0,0.0,-125.85,74.1,-40.898,0.0,0.0,0.0,0.0,0.0,0.0,125.85,-74.1,40.898
1775649432.6692045,0.0,0.0,0.0,-125.85,74.1,-40.898,0.0,0.0,0.0,0.0,0.0,0.0,125.85,-74.1,40.898
1775649432.7192209,0.0,0.0,0.0,-125.85,74.1,-40.898,0.0,0.0,0.0,0.0,0.0,0.0,125.85,-74.1,40.898
1775649432.7692058,0.0,0.0,0.0,-126.3,73.95,-41.866,0.0,0.0,0.0,0.0,0.0,0.0,126.3,-73.95,41.866
1775649432.8192053,0.0,0.0,0.0,-126.3,73.95,-41.866,0.0,0.0,0.0,0.0,0.0,0.0,126.3,-73.95,41.866
1775649432.8692079,0.0,0.0,0.0,-126.3,73.95,-41.866,0.0,0.0,0.0,0.0,0.0,0.0,126.3,-73.95,41.866
1775649432.9192116,0.0,0.0,0.0,-126.3,73.95,-41.866,0.0,0.0,0.0,0.0,0.0,0.0,126.3,-73.95,41.866
1775649432.9692066,0.0,0.0,0.0,-126.3,74.1,-41.624,0.0,0.0,0.0,0.0,0.0,0.0,126.3,-74.1,41.624
1775649433.0192184,0.0,0.0,0.0,-126.3,74.1,-41.624,0.0,0.0,0.0,0.0,0.0,0.0,126.3,-74.1,41.624
1775649433.0691888,0.0,0.0,0.0,-126.3,74.1,-41.624,0.0,0.0,0.0,0.0,0.0,0.0,126.3,-74.1,41.624
1775649433.119207,0.0,0.0,0.0,-126.3,74.1,-41.624,0.0,0.0,0.0,0.0,0.0,0.0,126.3,-74.1,41.624
1775649433.1691864,0.0,0.0,0.0,-126.45,73.8,-41.382,0.0,0.0,0.0,0.0,0.0,0.0,126.45,-73.8,41.382
1775649433.2192106,0.0,0.0,0.0,-126.45,73.8,-41.382,0.0,0.0,0.0,0.0,0.0,0.0,126.45,-73.8,41.382
1775649433.2692423,0.0,0.0,0.0,-126.45,73.8,-41.382,0.0,0.0,0.0,0.0,0.0,0.0,126.45,-73.8,41.382
1775649433.31921,0.0,0.0,0.0,-126.45,73.8,-41.382,0.0,0.0,0.0,0.0,0.0,0.0,126.45,-73.8,41.382
1775649433.3691142,0.0,0.0,0.0,-125.85,74.1,-41.382,0.0,0.0,0.0,0.0,0.0,0.0,125.85,-74.1,41.382
1775649433.419212,0.0,0.0,0.0,-125.85,74.1,-41.382,0.0,0.0,0.0,0.0,0.0,0.0,125.85,-74.1,41.382
1775649433.4692047,0.0,0.0,0.0,-125.85,74.1,-41.382,0.0,0.0,0.0,0.0,0.0,0.0,125.85,-74.1,41.382
1775649433.5192065,0.0,0.0,0.0,-125.85,74.1,-41.382,0.0,0.0,0.0,0.0,0.0,0.0,125.85,-74.1,41.382
1775649433.5692654,0.0,0.0,0.0,-125.85,74.1,-41.382,0.0,0.0,0.0,0.0,0.0,0.0,125.85,-74.1,41.382
1775649433.6192064,0.0,0.0,0.0,-125.85,73.95,-40.898,0.0,0.0,0.0,0.0,0.0,0.0,125.85,-73.95,40.898
1775649433.6692085,0.0,0.0,0.0,-125.85,73.95,-40.898,0.0,0.0,0.0,0.0,0.0,0.0,125.85,-73.95,40.898
1775649433.7192128,0.0,0.0,0.0,-125.85,73.95,-40.898,0.0,0.0,0.0,0.0,0.0,0.0,125.85,-73.95,40.898
1775649433.7692022,0.0,0.0,0.0,-125.85,73.95,-40.898,0.0,0.0,0.0,0.0,0.0,0.0,125.85,-73.95,40.898
1775649433.8191829,0.0,0.0,0.0,-126.45,73.95,-41.624,0.0,0.0,0.0,0.0,0.0,0.0,126.45,-73.95,41.624
1775649433.8692112,0.0,0.0,0.0,-126.45,73.95,-41.624,0.0,0.0,0.0,0.0,0.0,0.0,126.45,-73.95,41.624
1775649433.9193993,0.0,0.0,0.0,-126.45,73.95,-41.624,0.0,0.0,0.0,0.0,0.0,0.0,126.45,-73.95,41.624
1775649433.9692047,0.0,0.0,0.0,-126.45,73.95,-41.624,0.0,0.0,0.0,0.0,0.0,0.0,126.45,-73.95,41.624
1775649434.019196,0.0,0.0,0.0,-126.3,74.1,-41.866,0.0,0.0,0.0,0.0,0.0,0.0,126.3,-74.1,41.866
1775649434.0692153,0.0,0.0,0.0,-126.3,74.1,-41.866,0.0,0.0,0.0,0.0,0.0,0.0,126.3,-74.1,41.866
1775649434.1192074,0.0,0.0,0.0,-126.3,74.1,-41.866,0.0,0.0,0.0,0.0,0.0,0.0,126.3,-74.1,41.866
1775649434.1692126,0.0,0.0,0.0,-126.3,74.1,-41.866,0.0,0.0,0.0,0.0,0.0,0.0,126.3,-74.1,41.866
1775649434.2191162,0.0,0.0,0.0,-126.3,74.1,-41.382,0.0,0.0,0.0,0.0,0.0,0.0,126.3,-74.1,41.382
1775649434.269221,0.0,0.0,0.0,-126.3,74.1,-41.382,0.0,0.0,0.0,0.0,0.0,0.0,126.3,-74.1,41.382
1775649434.3192253,0.0,0.0,0.0,-126.3,74.1,-41.382,0.0,0.0,0.0,0.0,0.0,0.0,126.3,-74.1,41.382
1775649434.369217,0.0,0.0,0.0,-126.3,74.1,-41.382,0.0,0.0,0.0,0.0,0.0,0.0,126.3,-74.1,41.382
1775649434.419166,0.0,0.0,0.0,-126.3,74.1,-41.382,0.0,0.0,0.0,0.0,0.0,0.0,126.3,-74.1,41.382
1775649434.4692175,0.0,0.0,0.0,-126.3,74.4,-41.14,0.0,0.0,0.0,0.0,0.0,0.0,126.3,-74.4,41.14
1775649434.5192115,0.0,0.0,0.0,-126.3,74.4,-41.14,0.0,0.0,0.0,0.0,0.0,0.0,126.3,-74.4,41.14
1775649434.5693223,0.0,0.0,0.0,-126.3,74.4,-41.14,0.0,0.0,0.0,0.0,0.0,0.0,126.3,-74.4,41.14
1775649434.619202,0.0,0.0,0.0,-126.3,74.4,-41.14,0.0,0.0,0.0,0.0,0.0,0.0,126.3,-74.4,41.14
1775649434.6693819,0.0,0.0,0.0,-126.0,74.1,-41.14,0.0,0.0,0.0,0.0,0.0,0.0,126.0,-74.1,41.14
1775649434.7192066,0.0,0.0,0.0,-126.0,74.1,-41.14,0.0,0.0,0.0,0.0,0.0,0.0,126.0,-74.1,41.14
1775649434.7692091,0.0,0.0,0.0,-126.0,74.1,-41.14,0.0,0.0,0.0,0.0,0.0,0.0,126.0,-74.1,41.14
1775649434.819184,0.0,0.0,0.0,-126.0,74.1,-41.14,0.0,0.0,0.0,0.0,0.0,0.0,126.0,-74.1,41.14
1775649434.8691237,0.0,0.0,0.0,-126.15,74.25,-41.866,0.0,0.0,0.0,0.0,0.0,0.0,126.15,-74.25,41.866
1775649434.9192111,0.0,0.0,0.0,-126.15,74.25,-41.866,0.0,0.0,0.0,0.0,0.0,0.0,126.15,-74.25,41.866
1775649434.9692032,0.0,0.0,0.0,-126.15,74.25,-41.866,0.0,0.0,0.0,0.0,0.0,0.0,126.15,-74.25,41.866
1775649435.0192096,0.0,0.0,0.0,-126.15,74.25,-41.866,0.0,0.0,0.0,0.0,0.0,0.0,126.15,-74.25,41.866
1775649435.0691433,0.0,0.0,0.0,-126.45,73.8,-41.866,0.0,0.0,0.0,0.0,0.0,0.0,126.45,-73.8,41.866
1775649435.1191936,0.0,0.0,0.0,-126.45,73.8,-41.866,0.0,0.0,0.0,0.0,0.0,0.0,126.45,-73.8,41.866
1775649435.1692107,0.0,0.0,0.0,-126.45,73.8,-41.866,0.0,0.0,0.0,0.0,0.0,0.0,126.45,-73.8,41.866
1775649435.2192166,0.0,0.0,0.0,-126.45,73.8,-41.866,0.0,0.0,0.0,0.0,0.0,0.0,126.45,-73.8,41.866
1775649435.2691653,0.0,0.0,0.0,-126.45,73.8,-41.866,0.0,0.0,0.0,0.0,0.0,0.0,126.45,-73.8,41.866
1775649435.3192167,0.0,0.0,0.0,-126.0,74.4,-41.14,0.0,0.0,0.0,0.0,0.0,0.0,126.0,-74.4,41.14
1775649435.3692095,0.0,0.0,0.0,-126.0,74.4,-41.14,0.0,0.0,0.0,0.0,0.0,0.0,126.0,-74.4,41.14
1775649435.4191875,0.0,0.0,0.0,-126.0,74.4,-41.14,0.0,0.0,0.0,0.0,0.0,0.0,126.0,-74.4,41.14
1775649435.4691844,0.0,0.0,0.0,-126.0,74.4,-41.14,0.0,0.0,0.0,0.0,0.0,0.0,126.0,-74.4,41.14
1775649435.519195,0.0,0.0,0.0,-126.15,74.25,-41.624,0.0,0.0,0.0,0.0,0.0,0.0,126.15,-74.25,41.624
1775649435.5691984,0.0,0.0,0.0,-126.15,74.25,-41.624,0.0,0.0,0.0,0.0,0.0,0.0,126.15,-74.25,41.624
1775649435.61921,0.0,0.0,0.0,-126.15,74.25,-41.624,0.0,0.0,0.0,0.0,0.0,0.0,126.15,-74.25,41.624
1775649435.669166,0.0,0.0,0.0,-126.15,74.25,-41.624,0.0,0.0,0.0,0.0,0.0,0.0,126.15,-74.25,41.624
1775649435.7191687,0.0,0.0,0.0,-126.45,74.1,-41.624,0.0,0.0,0.0,0.0,0.0,0.0,126.45,-74.1,41.624
1775649435.7692106,0.0,0.0,0.0,-126.45,74.1,-41.624,0.0,0.0,0.0,0.0,0.0,0.0,126.45,-74.1,41.624
1775649435.8191931,0.0,0.0,0.0,-126.45,74.1,-41.624,0.0,0.0,0.0,0.0,0.0,0.0,126.45,-74.1,41.624
1775649435.869209,0.0,0.0,0.0,-126.45,74.1,-41.624,0.0,0.0,0.0,0.0,0.0,0.0,126.45,-74.1,41.624
1775649435.9191387,0.0,0.0,0.0,-126.15,74.25,-41.382,0.0,0.0,0.0,0.0,0.0,0.0,126.15,-74.25,41.382
1775649435.969216,0.0,0.0,0.0,-126.15,74.25,-41.382,0.0,0.0,0.0,0.0,0.0,0.0,126.15,-74.25,41.382
1775649436.0194328,0.0,0.0,0.0,-126.15,74.25,-41.382,0.0,0.0,0.0,0.0,0.0,0.0,126.15,-74.25,41.382
1775649436.0691924,0.0,0.0,0.0,-126.15,74.25,-41.382,0.0,0.0,0.0,0.0,0.0,0.0,126.15,-74.25,41.382
1775649436.119217,0.0,0.0,0.0,-126.15,74.25,-41.382,0.0,0.0,0.0,0.0,0.0,0.0,126.15,-74.25,41.382
1775649436.1692097,0.0,0.0,0.0,-126.15,74.1,-41.382,0.0,0.0,0.0,0.0,0.0,0.0,126.15,-74.1,41.382
1775649436.2192118,0.0,0.0,0.0,-126.15,74.1,-41.382,0.0,0.0,0.0,0.0,0.0,0.0,126.15,-74.1,41.382
1775649436.269188,0.0,0.0,0.0,-126.15,74.1,-41.382,0.0,0.0,0.0,0.0,0.0,0.0,126.15,-74.1,41.382
1775649436.3191924,0.0,0.0,0.0,-126.15,74.1,-41.382,0.0,0.0,0.0,0.0,0.0,0.0,126.15,-74.1,41.382
1775649436.3692057,0.0,0.0,0.0,-125.85,73.95,-41.624,0.0,0.0,0.0,0.0,0.0,0.0,125.85,-73.95,41.624
1775649436.4192045,0.0,0.0,0.0,-125.85,73.95,-41.624,0.0,0.0,0.0,0.0,0.0,0.0,125.85,-73.95,41.624
1775649436.4691687,0.0,0.0,0.0,-125.85,73.95,-41.624,0.0,0.0,0.0,0.0,0.0,0.0,125.85,-73.95,41.624
1775649436.5192,0.0,0.0,0.0,-125.85,73.95,-41.624,0.0,0.0,0.0,0.0,0.0,0.0,125.85,-73.95,41.624
1775649436.5692003,0.0,0.0,0.0,-126.6,73.8,-41.14,0.0,0.0,0.0,0.0,0.0,0.0,126.6,-73.8,41.14
1775649436.6192074,0.0,0.0,0.0,-126.6,73.8,-41.14,0.0,0.0,0.0,0.0,0.0,0.0,126.6,-73.8,41.14
1775649436.6691678,0.0,0.0,0.0,-126.6,73.8,-41.14,0.0,0.0,0.0,0.0,0.0,0.0,126.6,-73.8,41.14
1775649436.7191904,0.0,0.0,0.0,-126.6,73.8,-41.14,0.0,0.0,0.0,0.0,0.0,0.0,126.6,-73.8,41.14
1775649436.7691972,0.0,0.0,0.0,-126.0,73.8,-41.624,0.0,0.0,0.0,0.0,0.0,0.0,126.0,-73.8,41.624
1775649436.8195114,0.0,0.0,0.0,-126.0,73.8,-41.624,0.0,0.0,0.0,0.0,0.0,0.0,126.0,-73.8,41.624
1775649436.8691611,0.0,0.0,0.0,-126.0,73.8,-41.624,0.0,0.0,0.0,0.0,0.0,0.0,126.0,-73.8,41.624
1775649436.9192007,0.0,0.0,0.0,-126.0,73.8,-41.624,0.0,0.0,0.0,0.0,0.0,0.0,126.0,-73.8,41.624
1775649436.96913,0.0,0.0,0.0,-126.3,74.1,-41.382,0.0,0.0,0.0,0.0,0.0,0.0,126.3,-74.1,41.382
1775649437.019208,0.0,0.0,0.0,-126.3,74.1,-41.382,0.0,0.0,0.0,0.0,0.0,0.0,126.3,-74.1,41.382
1775649437.0691626,0.0,0.0,0.0,-126.3,74.1,-41.382,0.0,0.0,0.0,0.0,0.0,0.0,126.3,-74.1,41.382
1775649437.1192055,0.0,0.0,0.0,-126.3,74.1,-41.382,0.0,0.0,0.0,0.0,0.0,0.0,126.3,-74.1,41.382
1775649437.169211,0.0,0.0,0.0,-126.3,74.1,-41.382,0.0,0.0,0.0,0.0,0.0,0.0,126.3,-74.1,41.382
1775649437.2192242,0.0,0.0,0.0,-126.45,73.95,-42.108,0.0,0.0,0.0,0.0,0.0,0.0,126.45,-73.95,42.108
1775649437.269221,0.0,0.0,0.0,-126.45,73.95,-42.108,0.0,0.0,0.0,0.0,0.0,0.0,126.45,-73.95,42.108
1775649437.319207,0.0,0.0,0.0,-126.45,73.95,-42.108,0.0,0.0,0.0,0.0,0.0,0.0,126.45,-73.95,42.108
1775649437.369207,0.0,0.0,0.0,-126.45,73.95,-42.108,0.0,0.0,0.0,0.0,0.0,0.0,126.45,-73.95,42.108
1775649437.4193087,0.0,0.0,0.0,-126.3,74.25,-41.14,0.0,0.0,0.0,0.0,0.0,0.0,126.3,-74.25,41.14
1775649437.4692101,0.0,0.0,0.0,-126.3,74.25,-41.14,0.0,0.0,0.0,0.0,0.0,0.0,126.3,-74.25,41.14
1775649437.5192087,0.0,0.0,0.0,-126.3,74.25,-41.14,0.0,0.0,0.0,0.0,0.0,0.0,126.3,-74.25,41.14
1775649437.5692136,0.0,0.0,0.0,-126.3,74.25,-41.14,0.0,0.0,0.0,0.0,0.0,0.0,126.3,-74.25,41.14
1775649437.6192148,0.0,0.0,0.0,-126.15,74.1,-41.624,0.0,0.0,0.0,0.0,0.0,0.0,126.15,-74.1,41.624
1775649437.6692297,0.0,0.0,0.0,-126.15,74.1,-41.624,0.0,0.0,0.0,0.0,0.0,0.0,126.15,-74.1,41.624
1775649437.719198,0.0,0.0,0.0,-126.15,74.1,-41.624,0.0,0.0,0.0,0.0,0.0,0.0,126.15,-74.1,41.624
1775649437.7692263,0.0,0.0,0.0,-126.15,74.1,-41.624,0.0,0.0,0.0,0.0,0.0,0.0,126.15,-74.1,41.624
1775649437.8191178,0.0,0.0,0.0,-126.0,74.25,-41.624,0.0,0.0,0.0,0.0,0.0,0.0,126.0,-74.25,41.624
1775649437.8692183,0.0,0.0,0.0,-126.0,74.25,-41.624,0.0,0.0,0.0,0.0,0.0,0.0,126.0,-74.25,41.624
1775649437.9192185,0.0,0.0,0.0,-126.0,74.25,-41.624,0.0,0.0,0.0,0.0,0.0,0.0,126.0,-74.25,41.624
1775649437.9692118,0.0,0.0,0.0,-126.0,74.25,-41.624,0.0,0.0,0.0,0.0,0.0,0.0,126.0,-74.25,41.624
1775649438.019218,0.0,0.0,0.0,-126.0,74.25,-41.624,0.0,0.0,0.0,0.0,0.0,0.0,126.0,-74.25,41.624
1775649438.0692103,0.0,0.0,0.0,-125.85,74.1,-41.14,0.0,0.0,0.0,0.0,0.0,0.0,125.85,-74.1,41.14
1775649438.1192098,0.0,0.0,0.0,-125.85,74.1,-41.14,0.0,0.0,0.0,0.0,0.0,0.0,125.85,-74.1,41.14
1775649438.169186,0.0,0.0,0.0,-125.85,74.1,-41.14,0.0,0.0,0.0,0.0,0.0,0.0,125.85,-74.1,41.14
1775649438.219217,0.0,0.0,0.0,-125.85,74.1,-41.14,0.0,0.0,0.0,0.0,0.0,0.0,125.85,-74.1,41.14
1775649438.269166,0.0,0.0,0.0,-126.15,74.25,-41.14,0.0,0.0,0.0,0.0,0.0,0.0,126.15,-74.25,41.14
1775649438.3192198,0.0,0.0,0.0,-126.15,74.25,-41.14,0.0,0.0,0.0,0.0,0.0,0.0,126.15,-74.25,41.14
1775649438.3692093,0.0,0.0,0.0,-126.15,74.25,-41.14,0.0,0.0,0.0,0.0,0.0,0.0,126.15,-74.25,41.14
1775649438.4191973,0.0,0.0,0.0,-126.15,74.25,-41.14,0.0,0.0,0.0,0.0,0.0,0.0,126.15,-74.25,41.14
1775649438.4692118,0.0,0.0,0.0,-126.45,74.25,-41.866,0.0,0.0,0.0,0.0,0.0,0.0,126.45,-74.25,41.866
1775649438.5192077,0.0,0.0,0.0,-126.45,74.25,-41.866,0.0,0.0,0.0,0.0,0.0,0.0,126.45,-74.25,41.866
1775649438.56921,0.0,0.0,0.0,-126.45,74.25,-41.866,0.0,0.0,0.0,0.0,0.0,0.0,126.45,-74.25,41.866
1775649438.6192095,0.0,0.0,0.0,-126.45,74.25,-41.866,0.0,0.0,0.0,0.0,0.0,0.0,126.45,-74.25,41.866
1775649438.6691234,0.0,0.0,0.0,-126.45,74.25,-41.866,0.0,0.0,0.0,0.0,0.0,0.0,126.45,-74.25,41.866
1775649438.7192085,0.0,0.0,0.0,-126.45,74.25,-41.866,0.0,0.0,0.0,0.0,0.0,0.0,126.45,-74.25,41.866
1775649438.7691946,0.0,0.0,0.0,-126.45,74.25,-41.866,0.0,0.0,0.0,0.0,0.0,0.0,126.45,-74.25,41.866
1775649438.819218,0.0,0.0,0.0,-126.45,74.25,-41.866,0.0,0.0,0.0,0.0,0.0,0.0,126.45,-74.25,41.866
1775649438.869238,0.0,0.0,0.0,-126.45,74.25,-41.866,0.0,0.0,0.0,0.0,0.0,0.0,126.45,-74.25,41.866
1775649438.9192123,0.0,0.0,0.0,-126.3,74.55,-41.624,0.0,0.0,0.0,0.0,0.0,0.0,126.3,-74.55,41.624
1775649438.9692101,0.0,0.0,0.0,-126.3,74.55,-41.624,0.0,0.0,0.0,0.0,0.0,0.0,126.3,-74.55,41.624
1775649439.0192127,0.0,0.0,0.0,-126.3,74.55,-41.624,0.0,0.0,0.0,0.0,0.0,0.0,126.3,-74.55,41.624
1775649439.0691953,0.0,0.0,0.0,-126.3,74.55,-41.624,0.0,0.0,0.0,0.0,0.0,0.0,126.3,-74.55,41.624
1775649439.1191695,0.0,0.0,0.0,-126.45,73.95,-41.382,0.0,0.0,0.0,0.0,0.0,0.0,126.45,-73.95,41.382
1775649439.169216,0.0,0.0,0.0,-126.45,73.95,-41.382,0.0,0.0,0.0,0.0,0.0,0.0,126.45,-73.95,41.382
1775649439.219224,0.0,0.0,0.0,-126.45,73.95,-41.382,0.0,0.0,0.0,0.0,0.0,0.0,126.45,-73.95,41.382
1775649439.269204,0.0,0.0,0.0,-126.45,73.95,-41.382,0.0,0.0,0.0,0.0,0.0,0.0,126.45,-73.95,41.382
1775649439.3191466,0.0,0.0,0.0,-126.0,74.25,-41.624,0.0,0.0,0.0,0.0,0.0,0.0,126.0,-74.25,41.624
1775649439.3692195,0.0,0.0,0.0,-126.0,74.25,-41.624,0.0,0.0,0.0,0.0,0.0,0.0,126.0,-74.25,41.624
1775649439.4192195,0.0,0.0,0.0,-126.0,74.25,-41.624,0.0,0.0,0.0,0.0,0.0,0.0,126.0,-74.25,41.624
1775649439.469223,0.0,0.0,0.0,-126.0,74.25,-41.624,0.0,0.0,0.0,0.0,0.0,0.0,126.0,-74.25,41.624
1775649439.519135,0.0,0.0,0.0,-126.3,74.1,-41.14,0.0,0.0,0.0,0.0,0.0,0.0,126.3,-74.1,41.14
1775649439.5692062,0.0,0.0,0.0,-126.3,74.1,-41.14,0.0,0.0,0.0,0.0,0.0,0.0,126.3,-74.1,41.14
1775649439.6192043,0.0,0.0,0.0,-126.3,74.1,-41.14,0.0,0.0,0.0,0.0,0.0,0.0,126.3,-74.1,41.14
1775649439.6692004,0.0,0.0,0.0,-126.3,74.1,-41.14,0.0,0.0,0.0,0.0,0.0,0.0,126.3,-74.1,41.14
1775649439.7191358,0.0,0.0,0.0,-125.85,73.8,-41.382,0.0,0.0,0.0,0.0,0.0,0.0,125.85,-73.8,41.382
1775649439.7692091,0.0,0.0,0.0,-125.85,73.8,-41.382,0.0,0.0,0.0,0.0,0.0,0.0,125.85,-73.8,41.382
1775649439.8191986,0.0,0.0,0.0,-125.85,73.8,-41.382,0.0,0.0,0.0,0.0,0.0,0.0,125.85,-73.8,41.382
1775649439.8692124,0.0,0.0,0.0,-125.85,73.8,-41.382,0.0,0.0,0.0,0.0,0.0,0.0,125.85,-73.8,41.382
1775649439.9192553,0.0,0.0,0.0,-125.85,73.8,-41.382,0.0,0.0,0.0,0.0,0.0,0.0,125.85,-73.8,41.382
1775649439.969241,0.0,0.0,0.0,-126.15,73.95,-41.624,0.0,0.0,0.0,0.0,0.0,0.0,126.15,-73.95,41.624
1775649440.0192177,0.0,0.0,0.0,-126.15,73.95,-41.624,0.0,0.0,0.0,0.0,0.0,0.0,126.15,-73.95,41.624
1775649440.069225,0.0,0.0,0.0,-126.15,73.95,-41.624,0.0,0.0,0.0,0.0,0.0,0.0,126.15,-73.95,41.624
1775649440.1191945,0.0,0.0,0.0,-126.15,73.95,-41.624,0.0,0.0,0.0,0.0,0.0,0.0,126.15,-73.95,41.624
1775649440.1691685,0.0,0.0,0.0,-126.0,74.25,-41.14,0.0,0.0,0.0,0.0,0.0,0.0,126.0,-74.25,41.14
1775649440.2192245,0.0,0.0,0.0,-126.0,74.25,-41.14,0.0,0.0,0.0,0.0,0.0,0.0,126.0,-74.25,41.14
1775649440.2692573,0.0,0.0,0.0,-126.0,74.25,-41.14,0.0,0.0,0.0,0.0,0.0,0.0,126.0,-74.25,41.14
1775649440.3192074,0.0,0.0,0.0,-126.0,74.25,-41.14,0.0,0.0,0.0,0.0,0.0,0.0,126.0,-74.25,41.14
1775649440.369142,0.0,0.0,0.0,-126.15,74.1,-40.898,0.0,0.0,0.0,0.0,0.0,0.0,126.15,-74.1,40.898
1775649440.4192002,0.0,0.0,0.0,-126.15,74.1,-40.898,0.0,0.0,0.0,0.0,0.0,0.0,126.15,-74.1,40.898
1775649440.4692008,0.0,0.0,0.0,-126.15,74.1,-40.898,0.0,0.0,0.0,0.0,0.0,0.0,126.15,-74.1,40.898
1775649440.5192027,0.0,0.0,0.0,-126.15,74.1,-40.898,0.0,0.0,0.0,0.0,0.0,0.0,126.15,-74.1,40.898
1775649440.5691447,0.0,0.0,0.0,-125.85,74.1,-40.898,0.0,0.0,0.0,0.0,0.0,0.0,125.85,-74.1,40.898
1775649440.6192176,0.0,0.0,0.0,-125.85,74.1,-40.898,0.0,0.0,0.0,0.0,0.0,0.0,125.85,-74.1,40.898
1775649440.6692193,0.0,0.0,0.0,-125.85,74.1,-40.898,0.0,0.0,0.0,0.0,0.0,0.0,125.85,-74.1,40.898
1775649440.7191806,0.0,0.0,0.0,-125.85,74.1,-40.898,0.0,0.0,0.0,0.0,0.0,0.0,125.85,-74.1,40.898
1775649440.7692142,0.0,0.0,0.0,-125.85,74.1,-40.898,0.0,0.0,0.0,0.0,0.0,0.0,125.85,-74.1,40.898
1775649440.8191926,0.0,0.0,0.0,-126.0,74.25,-41.866,0.0,0.0,0.0,0.0,0.0,0.0,126.0,-74.25,41.866
1775649440.869224,0.0,0.0,0.0,-126.0,74.25,-41.866,0.0,0.0,0.0,0.0,0.0,0.0,126.0,-74.25,41.866
1775649440.9192066,0.0,0.0,0.0,-126.0,74.25,-41.866,0.0,0.0,0.0,0.0,0.0,0.0,126.0,-74.25,41.866
1775649440.9692295,0.0,0.0,0.0,-126.0,74.25,-41.866,0.0,0.0,0.0,0.0,0.0,0.0,126.0,-74.25,41.866
1775649441.0192287,0.0,0.0,0.0,-126.15,74.1,-41.624,0.0,0.0,0.0,0.0,0.0,0.0,126.15,-74.1,41.624
1775649441.069204,0.0,0.0,0.0,-126.15,74.1,-41.624,0.0,0.0,0.0,0.0,0.0,0.0,126.15,-74.1,41.624
1775649441.1191971,0.0,0.0,0.0,-126.15,74.1,-41.624,0.0,0.0,0.0,0.0,0.0,0.0,126.15,-74.1,41.624
1775649441.169191,0.0,0.0,0.0,-126.15,74.1,-41.624,0.0,0.0,0.0,0.0,0.0,0.0,126.15,-74.1,41.624
1775649441.2191956,0.0,0.0,0.0,-126.15,73.95,-41.624,0.0,0.0,0.0,0.0,0.0,0.0,126.15,-73.95,41.624
1775649441.2692187,0.0,0.0,0.0,-126.15,73.95,-41.624,0.0,0.0,0.0,0.0,0.0,0.0,126.15,-73.95,41.624
1775649441.319213,0.0,0.0,0.0,-126.15,73.95,-41.624,0.0,0.0,0.0,0.0,0.0,0.0,126.15,-73.95,41.624
1775649441.369205,0.0,0.0,0.0,-126.15,73.95,-41.624,0.0,0.0,0.0,0.0,0.0,0.0,126.15,-73.95,41.624
1775649441.4191394,0.0,0.0,0.0,-126.15,73.8,-40.898,0.0,0.0,0.0,0.0,0.0,0.0,126.15,-73.8,40.898
1775649441.4691877,0.0,0.0,0.0,-126.15,73.8,-40.898,0.0,0.0,0.0,25.230000000000004,-14.76,8.1796,126.15,-73.8,40.898
1775649441.5191584,0.0,0.0,0.0,-126.15,73.8,-40.898,0.0,0.0,0.0,25.230000000000004,-14.76,8.1796,126.15,-73.8,40.898
1775649441.5691454,0.0,0.0,0.0,-126.15,73.8,-40.898,0.0,0.0,0.0,25.230000000000004,-14.76,8.1796,126.15,-73.8,40.898
1775649441.6191444,0.0,0.0,0.0,-126.15,73.8,-40.898,0.0,0.0,0.0,25.230000000000004,-14.76,8.1796,126.15,-73.8,40.898
1775649441.6691473,0.0,0.0,0.0,-125.85,74.4,-41.382,0.0,0.0,0.0,25.17,-14.880000000000003,8.2764,125.85,-74.4,41.382
1775649441.7191436,0.0,0.0,0.0,-125.85,74.4,-41.382,0.0,0.0,0.0,25.17,-14.880000000000003,8.2764,125.85,-74.4,41.382
1775649441.7691536,0.0,0.0,0.0,-125.85,74.4,-41.382,0.0,0.0,0.0,25.17,-14.880000000000003,8.2764,125.85,-74.4,41.382
1775649441.8192604,0.0,0.0,0.0,-125.85,74.4,-41.382,0.0,0.0,0.0,25.17,-14.880000000000003,8.2764,125.85,-74.4,41.382
1775649441.8692029,0.0,0.0,0.0,-125.7,74.25,-41.866,0.0,0.0,0.0,25.14,-14.850000000000001,8.3732,125.7,-74.25,41.866
1775649441.9192054,0.0,0.0,0.0,-125.7,74.25,-41.866,0.0,0.0,0.0,25.14,-14.850000000000001,8.3732,125.7,-74.25,41.866
1775649441.969163,0.0,0.0,0.0,-125.7,74.25,-41.866,0.0,0.0,0.0,25.14,-14.850000000000001,8.3732,125.7,-74.25,41.866
1775649442.019163,0.0,0.0,0.0,-125.7,74.25,-41.866,0.0,0.0,0.0,25.14,-14.850000000000001,8.3732,125.7,-74.25,41.866
1775649442.06916,0.0,0.0,0.0,-126.15,73.95,-41.14,0.0,0.0,0.0,25.230000000000004,-14.790000000000001,8.228,126.15,-73.95,41.14
1775649442.119144,0.0,0.0,0.0,-126.15,73.95,-41.14,0.0,0.0,0.0,25.230000000000004,-14.790000000000001,8.228,126.15,-73.95,41.14
1775649442.1691568,0.0,0.0,0.0,-126.15,73.95,-41.14,0.0,0.0,0.0,25.230000000000004,-14.790000000000001,8.228,126.15,-73.95,41.14
1775649442.2191856,0.0,0.0,0.0,-126.15,73.95,-41.14,0.0,0.0,0.0,25.230000000000004,-14.790000000000001,8.228,126.15,-73.95,41.14
1775649442.2691245,0.0,0.0,0.0,-126.15,73.95,-40.898,0.0,0.0,0.0,25.230000000000004,-14.790000000000001,8.228,126.15,-73.95,40.898
1775649442.3191588,0.0,0.0,0.0,-126.15,73.95,-40.898,0.0,0.0,0.0,25.230000000000004,-14.790000000000001,8.1796,126.15,-73.95,40.898
1775649442.3691695,0.0,0.0,0.0,-126.15,73.95,-40.898,0.0,0.0,0.0,25.230000000000004,-14.790000000000001,8.1796,126.15,-73.95,40.898
1775649442.4191527,0.0,0.0,0.0,-126.15,73.95,-40.898,0.0,0.0,0.0,25.230000000000004,-14.790000000000001,8.1796,126.15,-73.95,40.898
1775649442.469208,0.0,0.0,0.0,-126.15,73.95,-40.898,0.0,0.0,0.0,25.230000000000004,-14.790000000000001,8.1796,126.15,-73.95,40.898
1775649442.5191479,0.0,0.0,0.0,-126.75,74.1,-41.624,0.0,0.0,0.0,25.35,-14.82,8.324800000000002,126.75,-74.1,41.624
1775649442.5691977,0.0,0.0,0.0,-126.75,74.1,-41.624,0.0,0.0,0.0,25.35,-14.82,8.324800000000002,126.75,-74.1,41.624
1775649442.6191518,0.0,0.0,0.0,-126.75,74.1,-41.624,0.0,0.0,0.0,25.35,-14.82,8.324800000000002,126.75,-74.1,41.624
1775649442.6691961,0.0,0.0,0.0,-126.75,74.1,-41.624,0.0,0.0,0.0,25.35,-14.82,8.324800000000002,126.75,-74.1,41.624
1775649442.7191718,0.0,0.0,0.0,-126.3,73.95,-41.866,0.0,0.0,0.0,25.26,-14.790000000000001,8.3732,126.3,-73.95,41.866
1775649442.7692065,0.0,0.0,0.0,-126.3,73.95,-41.866,0.0,0.0,0.0,25.26,-14.790000000000001,8.3732,126.3,-73.95,41.866
1775649442.8191648,0.0,0.0,0.0,-126.3,73.95,-41.866,0.0,0.0,0.0,25.26,-14.790000000000001,8.3732,126.3,-73.95,41.866
1775649442.869221,0.0,0.0,0.0,-126.3,73.95,-41.866,0.0,0.0,0.0,25.26,-14.790000000000001,8.3732,126.3,-73.95,41.866
1775649442.9191463,0.0,0.0,0.0,-126.15,73.65,-41.14,0.0,0.0,0.0,25.230000000000004,-14.730000000000002,8.228,126.15,-73.65,41.14
1775649442.9691722,0.0,0.0,0.0,-126.15,73.65,-41.14,0.0,0.0,0.0,25.230000000000004,-14.730000000000002,8.228,126.15,-73.65,41.14
1775649443.0191183,0.0,0.0,0.0,-126.15,73.65,-41.14,0.0,0.0,0.0,25.230000000000004,-14.730000000000002,8.228,126.15,-73.65,41.14
1775649443.0691984,0.0,0.0,0.0,-126.15,73.65,-41.14,0.0,0.0,0.0,25.230000000000004,-14.730000000000002,8.228,126.15,-73.65,41.14
1775649443.1191144,0.0,0.0,0.0,-126.3,73.8,-41.14,0.0,0.0,0.0,25.230000000000004,-14.730000000000002,8.228,126.3,-73.8,41.14
1775649443.1691644,0.0,0.0,0.0,-126.3,73.8,-41.14,0.0,0.0,0.0,25.26,-14.76,8.228,126.3,-73.8,41.14
1775649443.219135,0.0,0.0,0.0,-126.3,73.8,-41.14,0.0,0.0,0.0,25.26,-14.76,8.228,126.3,-73.8,41.14
1775649443.2692027,0.0,0.0,0.0,-126.3,73.8,-41.14,0.0,0.0,0.0,25.26,-14.76,8.228,126.3,-73.8,41.14
1775649443.3191237,0.0,0.0,0.0,-126.3,73.8,-41.14,0.0,0.0,0.0,25.26,-14.76,8.228,126.3,-73.8,41.14
1775649443.36916,0.0,0.0,0.0,-126.15,74.1,-41.14,0.0,0.0,0.0,25.230000000000004,-14.82,8.228,126.15,-74.1,41.14
1775649443.419148,0.0,0.0,0.0,-126.15,74.1,-41.14,0.0,0.0,0.0,25.230000000000004,-14.82,8.228,126.15,-74.1,41.14
1775649443.4691904,0.0,0.0,0.0,-126.15,74.1,-41.14,0.0,0.0,0.0,25.230000000000004,-14.82,8.228,126.15,-74.1,41.14
1775649443.519128,0.0,0.0,0.0,-126.15,74.1,-41.14,0.0,0.0,0.0,25.230000000000004,-14.82,8.228,126.15,-74.1,41.14
1775649443.569181,0.0,0.0,0.0,-126.0,74.1,-41.382,0.0,0.0,0.0,25.200000000000003,-14.82,8.2764,126.0,-74.1,41.382
1775649443.619156,0.0,0.0,0.0,-126.0,74.1,-41.382,0.0,0.0,0.0,25.200000000000003,-14.82,8.2764,126.0,-74.1,41.382
1775649443.66916,0.0,0.0,0.0,-126.0,74.1,-41.382,0.0,0.0,0.0,25.200000000000003,-14.82,8.2764,126.0,-74.1,41.382
1775649443.7193794,0.0,0.0,0.0,-126.0,74.1,-41.382,0.0,0.0,0.0,25.200000000000003,-14.82,8.2764,126.0,-74.1,41.382
1775649443.7696092,0.0,0.0,0.0,-125.85,73.95,-41.866,0.0,0.0,0.0,25.17,-14.790000000000001,8.3732,125.85,-73.95,41.866
1775649443.8191457,0.0,0.0,0.0,-125.85,73.95,-41.866,0.0,0.0,0.0,25.17,-14.790000000000001,8.3732,125.85,-73.95,41.866
1775649443.8691604,0.0,0.0,0.0,-125.85,73.95,-41.866,0.0,0.0,0.0,25.17,-14.790000000000001,8.3732,125.85,-73.95,41.866
1775649443.9191504,0.0,0.0,0.0,-125.85,73.95,-41.866,0.0,0.0,0.0,25.17,-14.790000000000001,8.3732,125.85,-73.95,41.866
1775649443.9691143,0.0,0.0,0.0,-125.55,74.1,-41.14,0.0,0.0,0.0,25.17,-14.790000000000001,8.3732,125.55,-74.1,41.14
1775649444.0191457,0.0,0.0,0.0,-125.55,74.1,-41.14,0.0,0.0,0.0,25.11,-14.82,8.228,125.55,-74.1,41.14
1775649444.0691457,0.0,0.0,0.0,-125.55,74.1,-41.14,0.0,0.0,0.0,25.11,-14.82,8.228,125.55,-74.1,41.14
1775649444.1191397,0.0,0.0,0.0,-125.55,74.1,-41.14,0.0,0.0,0.0,25.11,-14.82,8.228,125.55,-74.1,41.14
1775649444.1691506,0.0,0.0,0.0,-125.55,74.1,-41.14,0.0,0.0,0.0,25.11,-14.82,8.228,125.55,-74.1,41.14
1775649444.2191637,0.0,0.0,0.0,-125.7,74.7,-41.14,0.0,0.0,0.0,25.14,-14.940000000000001,8.228,125.7,-74.7,41.14
1775649444.2691884,0.0,0.0,0.0,-125.7,74.7,-41.14,0.0,0.0,0.0,25.14,-14.940000000000001,8.228,125.7,-74.7,41.14
1775649444.319149,0.0,0.0,0.0,-125.7,74.7,-41.14,0.0,0.0,0.0,25.14,-14.940000000000001,8.228,125.7,-74.7,41.14
1775649444.3691204,0.0,0.0,0.0,-125.7,74.7,-41.14,0.0,0.0,0.0,25.14,-14.940000000000001,8.228,125.7,-74.7,41.14
1775649444.4191444,0.0,0.0,0.0,-126.45,74.25,-41.382,0.0,0.0,0.0,25.290000000000003,-14.850000000000001,8.2764,126.45,-74.25,41.382
1775649444.4691296,0.0,0.0,0.0,-126.45,74.25,-41.382,0.0,0.0,0.0,25.290000000000003,-14.850000000000001,8.2764,126.45,-74.25,41.382
1775649444.5191455,0.0,0.0,0.0,-126.45,74.25,-41.382,0.0,0.0,0.0,25.290000000000003,-14.850000000000001,8.2764,126.45,-74.25,41.382
1775649444.5691516,0.0,0.0,0.0,-126.45,74.25,-41.382,0.0,0.0,0.0,25.290000000000003,-14.850000000000001,8.2764,126.45,-74.25,41.382
1775649444.619132,0.0,0.0,0.0,-126.0,74.1,-41.14,0.0,0.0,0.0,25.200000000000003,-14.82,8.228,126.0,-74.1,41.14
1775649444.669157,0.0,0.0,0.0,-126.0,74.1,-41.14,0.0,0.0,0.0,25.200000000000003,-14.82,8.228,126.0,-74.1,41.14
1775649444.7191525,0.0,0.0,0.0,-126.0,74.1,-41.14,0.0,0.0,0.0,25.200000000000003,-14.82,8.228,126.0,-74.1,41.14
1775649444.7691526,0.0,0.0,0.0,-126.0,74.1,-41.14,0.0,0.0,0.0,25.200000000000003,-14.82,8.228,126.0,-74.1,41.14
1775649444.8191423,0.0,0.0,0.0,-125.85,74.1,-41.382,0.0,0.0,0.0,25.17,-14.82,8.2764,125.85,-74.1,41.382
1775649444.869169,0.0,0.0,0.0,-125.85,74.1,-41.382,0.0,0.0,0.0,25.17,-14.82,8.2764,125.85,-74.1,41.382
1775649444.9191444,0.0,0.0,0.0,-125.85,74.1,-41.382,0.0,0.0,0.0,25.17,-14.82,8.2764,125.85,-74.1,41.382
1775649444.9691608,0.0,0.0,0.0,-125.85,74.1,-41.382,0.0,0.0,0.0,25.17,-14.82,8.2764,125.85,-74.1,41.382
1775649445.019182,0.0,0.0,0.0,-126.45,74.1,-41.14,0.0,0.0,0.0,25.17,-14.82,8.2764,126.45,-74.1,41.14
1775649445.0691495,0.0,0.0,0.0,-126.45,74.1,-41.14,0.0,0.0,0.0,25.290000000000003,-14.82,8.228,126.45,-74.1,41.14
1775649445.1191401,0.0,0.0,0.0,-126.45,74.1,-41.14,0.0,0.0,0.0,25.290000000000003,-14.82,8.228,126.45,-74.1,41.14
1775649445.1691465,0.0,0.0,0.0,-126.45,74.1,-41.14,0.0,0.0,0.0,25.290000000000003,-14.82,8.228,126.45,-74.1,41.14
1775649445.219135,0.0,0.0,0.0,-126.45,74.1,-41.14,0.0,0.0,0.0,25.290000000000003,-14.82,8.228,126.45,-74.1,41.14
1775649445.2692611,0.0,0.0,0.0,-126.45,74.4,-41.14,0.0,0.0,0.0,25.290000000000003,-14.880000000000003,8.228,126.45,-74.4,41.14
1775649445.3191643,0.0,0.0,0.0,-126.45,74.4,-41.14,0.0,0.0,0.0,25.290000000000003,-14.880000000000003,8.228,126.45,-74.4,41.14
1775649445.369147,0.0,0.0,0.0,-126.45,74.4,-41.14,0.0,0.0,0.0,25.290000000000003,-14.880000000000003,8.228,126.45,-74.4,41.14
1775649445.4191425,0.0,0.0,0.0,-126.45,74.4,-41.14,0.0,0.0,0.0,25.290000000000003,-14.880000000000003,8.228,126.45,-74.4,41.14
1775649445.4693708,0.0,0.0,0.0,-126.15,74.1,-40.898,0.0,0.0,0.0,25.230000000000004,-14.82,8.1796,126.15,-74.1,40.898
1775649445.5191414,0.0,0.0,0.0,-126.15,74.1,-40.898,0.0,0.0,0.0,25.230000000000004,-14.82,8.1796,126.15,-74.1,40.898
1775649445.5693748,0.0,0.0,0.0,-126.15,74.1,-40.898,0.0,0.0,0.0,25.230000000000004,-14.82,8.1796,126.15,-74.1,40.898
1775649445.6191285,0.0,0.0,0.0,-126.15,74.1,-40.898,0.0,0.0,0.0,25.230000000000004,-14.82,8.1796,126.15,-74.1,40.898
1775649445.6691294,0.0,0.0,0.0,-126.0,73.95,-41.624,0.0,0.0,0.0,25.230000000000004,-14.82,8.1796,126.0,-73.95,41.624
1775649445.7191615,0.0,0.0,0.0,-126.0,73.95,-41.624,0.0,0.0,0.0,25.200000000000003,-14.790000000000001,8.324800000000002,126.0,-73.95,41.624
1775649445.7691455,0.0,0.0,0.0,-126.0,73.95,-41.624,0.0,0.0,0.0,25.200000000000003,-14.790000000000001,8.324800000000002,126.0,-73.95,41.624
1775649445.8191752,0.0,0.0,0.0,-126.0,73.95,-41.624,0.0,0.0,0.0,25.200000000000003,-14.790000000000001,8.324800000000002,126.0,-73.95,41.624
1775649445.8691454,0.0,0.0,0.0,-126.0,73.95,-41.624,0.0,0.0,0.0,25.200000000000003,-14.790000000000001,8.324800000000002,126.0,-73.95,41.624
1775649445.9191396,0.0,0.0,0.0,-126.0,74.55,-40.898,0.0,0.0,0.0,25.200000000000003,-14.91,8.1796,126.0,-74.55,40.898
1775649445.9692118,0.0,0.0,0.0,-126.0,74.55,-40.898,0.0,0.0,0.0,25.200000000000003,-14.91,8.1796,126.0,-74.55,40.898
1775649446.0195735,0.0,0.0,0.0,-126.0,74.55,-40.898,0.0,0.0,0.0,25.200000000000003,-14.91,8.1796,126.0,-74.55,40.898
1775649446.0691369,0.0,0.0,0.0,-126.0,74.55,-40.898,0.0,0.0,0.0,25.200000000000003,-14.91,8.1796,126.0,-74.55,40.898
